"Date","Price","Open","High","Low","Vol.","Change %"
"11/15/2022","11,437.07","11,474.82","11,491.99","11,403.38","320.24M","2.15%"
"11/14/2022","11,196.22","11,233.90","11,350.13","11,167.17","983.39M","-1.12%"
"11/11/2022","11,323.33","11,124.75","11,352.43","11,069.83","1.21B","1.88%"
"11/10/2022","11,114.15","10,869.17","11,119.12","10,779.95","1.40B","7.35%"
"11/09/2022","10,353.17","10,528.45","10,564.97","10,344.01","1.04B","-2.48%"
"11/08/2022","10,616.20","10,611.53","10,745.64","10,472.73","994.35M","0.49%"
"11/07/2022","10,564.52","10,516.94","10,587.96","10,428.91","930.25M","0.85%"
"11/04/2022","10,475.25","10,548.14","10,553.63","10,262.93","1.09B","1.28%"
"11/03/2022","10,342.94","10,399.45","10,486.01","10,319.54","1.01B","-1.73%"
"11/02/2022","10,524.80","10,885.01","10,993.24","10,522.90","1.10B","-3.36%"
"11/01/2022","10,890.84","11,154.74","11,156.35","10,881.19","903.26M","-0.89%"
"10/31/2022","10,988.15","11,028.43","11,047.94","10,914.00","1.08B","-1.03%"
"10/28/2022","11,102.45","10,766.20","11,117.04","10,766.20","977.64M","2.87%"
"10/27/2022","10,792.67","10,971.95","10,998.73","10,780.50","973.52M","-1.63%"
"10/26/2022","10,970.99","10,969.02","11,205.84","10,948.38","1.00B","-2.04%"
"10/25/2022","11,199.12","10,996.97","11,210.38","10,996.97","991.08M","2.25%"
"10/24/2022","10,952.61","10,867.07","10,983.52","10,713.33","921.20M","0.86%"
"10/21/2022","10,859.72","10,576.04","10,875.72","10,542.43","1.02B","2.31%"
"10/20/2022","10,614.84","10,657.41","10,837.30","10,574.55","866.25M","-0.61%"
"10/19/2022","10,680.51","10,689.31","10,808.04","10,592.88","921.13M","-0.85%"
"10/18/2022","10,772.40","10,963.99","10,972.97","10,670.12","929.62M","0.90%"
"10/17/2022","10,675.80","10,575.65","10,696.59","10,569.69","944.31M","3.43%"
"10/14/2022","10,321.39","10,742.81","10,766.68","10,308.81","918.04M","-3.08%"
"10/13/2022","10,649.15","10,131.82","10,697.71","10,088.83","1.05B","2.23%"
"10/12/2022","10,417.10","10,437.00","10,494.53","10,372.21","823.61M","-0.09%"
"10/11/2022","10,426.19","10,484.37","10,608.84","10,351.98","990.74M","-1.10%"
"10/10/2022","10,542.10","10,659.95","10,669.93","10,449.04","812.52M","-1.04%"
"10/07/2022","10,652.41","10,877.28","10,891.93","10,608.52","1.03B","-3.80%"
"10/06/2022","11,073.31","11,129.04","11,230.44","11,051.27","873.35M","-0.68%"
"10/05/2022","11,148.64","11,022.67","11,210.32","10,910.76","830.23M","-0.25%"
"10/04/2022","11,176.41","11,054.72","11,189.96","11,044.04","1.02B","3.34%"
"10/03/2022","10,815.43","10,659.01","10,875.46","10,577.89","943.34M","2.27%"
"09/30/2022","10,575.62","10,697.71","10,883.04","10,572.33","1.10B","-1.51%"
"09/29/2022","10,737.51","10,894.44","10,899.47","10,623.22","971.92M","-2.84%"
"09/28/2022","11,051.64","10,817.53","11,101.50","10,776.34","953.34M","2.05%"
"09/27/2022","10,829.50","10,955.29","11,040.99","10,741.02","903.37M","0.25%"
"09/26/2022","10,802.92","10,833.38","11,024.00","10,789.05","949.63M","-0.60%"
"09/23/2022","10,867.93","10,952.69","10,958.29","10,732.72","1.00B","-1.80%"
"09/22/2022","11,066.80","11,167.38","11,203.77","11,024.64","934.35M","-1.37%"
"09/21/2022","11,220.19","11,466.21","11,613.57","11,219.00","909.35M","-1.79%"
"09/20/2022","11,425.05","11,440.14","11,520.99","11,343.72","861.66M","-0.95%"
"09/19/2022","11,535.02","11,338.57","11,538.13","11,337.83","932.68M","0.76%"
"09/16/2022","11,448.40","11,401.21","11,460.43","11,316.92","3.05B","-0.90%"
"09/15/2022","11,552.36","11,633.24","11,760.73","11,497.11","1.03B","-1.43%"
"09/14/2022","11,719.68","11,680.41","11,746.83","11,602.76","1.05B","0.74%"
"09/13/2022","11,633.57","11,908.81","11,957.97","11,604.43","1.10B","-5.16%"
"09/12/2022","12,266.41","12,174.94","12,270.19","12,169.28","845.28M","1.27%"
"09/09/2022","12,112.31","11,958.61","12,132.67","11,958.61","881.47M","2.11%"
"09/08/2022","11,862.13","11,679.86","11,896.73","11,660.53","875.83M","0.60%"
"09/07/2022","11,791.90","11,559.38","11,819.07","11,555.08","897.12M","2.14%"
"09/06/2022","11,544.91","11,643.03","11,679.43","11,471.50","945.53M","-0.74%"
"09/02/2022","11,630.86","11,899.14","11,945.91","11,573.51","868.07M","-1.31%"
"09/01/2022","11,785.13","11,707.44","11,798.37","11,546.52","974.17M","-0.26%"
"08/31/2022","11,816.20","11,972.56","12,027.43","11,814.17","1.16B","-0.56%"
"08/30/2022","11,883.14","12,093.06","12,101.85","11,790.03","896.27M","-1.12%"
"08/29/2022","12,017.67","12,021.05","12,124.87","11,981.42","798.39M","-1.02%"
"08/26/2022","12,141.71","12,630.58","12,655.84","12,141.52","960.49M","-3.94%"
"08/25/2022","12,639.26","12,506.37","12,641.26","12,471.98","797.23M","1.67%"
"08/24/2022","12,431.53","12,375.15","12,504.33","12,350.16","770.65M","0.41%"
"08/23/2022","12,381.30","12,380.37","12,490.86","12,352.03","763.64M","0.00%"
"08/22/2022","12,381.57","12,523.16","12,538.55","12,353.73","857.72M","-2.55%"
"08/19/2022","12,705.21","12,832.27","12,859.01","12,674.87","998.67M","-2.01%"
"08/18/2022","12,965.34","12,937.79","13,002.66","12,873.49","865.17M","0.21%"
"08/17/2022","12,938.12","12,968.63","13,053.51","12,863.01","977.81M","-1.25%"
"08/16/2022","13,102.55","13,082.64","13,181.09","12,979.24","952.79M","-0.19%"
"08/15/2022","13,128.05","12,996.63","13,146.06","12,993.78","862.20M","0.62%"
"08/12/2022","13,047.19","12,866.31","13,047.19","12,821.22","936.39M","2.09%"
"08/11/2022","12,779.91","12,944.82","13,026.24","12,760.09","1.08B","-0.58%"
"08/10/2022","12,854.80","12,793.44","12,861.44","12,698.61","1.05B","2.89%"
"08/09/2022","12,493.93","12,557.49","12,582.91","12,438.86","1.02B","-1.19%"
"08/08/2022","12,644.46","12,703.72","12,855.16","12,597.75","1.00B","-0.10%"
"08/05/2022","12,657.55","12,538.80","12,720.44","12,525.77","991.77M","-0.50%"
"08/04/2022","12,720.58","12,675.04","12,736.19","12,600.78","1.05B","0.41%"
"08/03/2022","12,668.16","12,433.87","12,699.64","12,425.21","1.10B","2.59%"
"08/02/2022","12,348.76","12,287.67","12,503.34","12,260.48","902.82M","-0.16%"
"08/01/2022","12,368.98","12,317.96","12,499.72","12,271.98","891.53M","-0.18%"
"07/29/2022","12,390.69","12,239.69","12,426.26","12,181.13","1.10B","1.88%"
"07/28/2022","12,162.59","12,036.48","12,179.09","11,886.67","958.80M","1.08%"
"07/27/2022","12,032.42","11,756.19","12,081.73","11,718.38","939.31M","4.06%"
"07/26/2022","11,562.58","11,701.53","11,711.31","11,533.37","834.49M","-1.87%"
"07/25/2022","11,782.67","11,837.96","11,855.11","11,707.53","783.12M","-0.43%"
"07/22/2022","11,834.11","12,025.37","12,093.02","11,767.19","884.72M","-1.87%"
"07/21/2022","12,059.61","11,914.15","12,060.59","11,812.72","840.81M","1.36%"
"07/20/2022","11,897.65","11,726.09","11,939.96","11,703.36","1.01B","1.58%"
"07/19/2022","11,713.15","11,515.00","11,721.22","11,448.97","974.15M","3.11%"
"07/18/2022","11,360.05","11,561.64","11,629.03","11,322.84","922.80M","-0.81%"
"07/15/2022","11,452.42","11,379.36","11,454.69","11,295.33","947.43M","1.79%"
"07/14/2022","11,251.18","11,151.21","11,279.97","11,005.93","817.49M","0.03%"
"07/13/2022","11,247.58","11,056.55","11,325.67","11,031.27","812.60M","-0.15%"
"07/12/2022","11,264.73","11,420.89","11,483.17","11,207.08","836.73M","-0.95%"
"07/11/2022","11,372.60","11,524.49","11,541.10","11,348.06","844.13M","-2.26%"
"07/08/2022","11,635.31","11,503.61","11,689.70","11,479.77","820.69M","0.12%"
"07/07/2022","11,621.35","11,422.60","11,644.47","11,412.88","916.26M","2.28%"
"07/06/2022","11,361.85","11,337.90","11,443.14","11,250.32","933.39M","0.35%"
"07/05/2022","11,322.24","10,964.18","11,323.89","10,911.45","1.07B","1.75%"
"07/01/2022","11,127.84","11,006.83","11,132.55","10,922.71","930.71M","0.90%"
"06/30/2022","11,028.74","11,048.25","11,160.92","10,850.01","1.16B","-1.33%"
"06/29/2022","11,177.89","11,160.22","11,226.33","11,072.19","1.02B","-0.03%"
"06/28/2022","11,181.54","11,542.24","11,635.86","11,177.68","1.02B","-2.98%"
"06/27/2022","11,524.55","11,661.02","11,677.49","11,487.07","991.61M","-0.72%"
"06/24/2022","11,607.62","11,351.31","11,613.23","11,337.78","4.31B","3.34%"
"06/23/2022","11,232.19","11,137.68","11,260.27","11,046.29","1.03B","1.62%"
"06/22/2022","11,053.08","10,941.95","11,216.77","10,938.06","1.11B","-0.15%"
"06/21/2022","11,069.30","10,974.05","11,164.99","10,974.05","1.19B","2.51%"
"06/17/2022","10,798.35","10,697.55","10,884.71","10,638.72","2.80B","1.43%"
"06/16/2022","10,646.10","10,806.02","10,831.07","10,565.13","1.25B","-4.08%"
"06/15/2022","11,099.16","10,968.40","11,244.26","10,866.39","1.22B","2.50%"
"06/14/2022","10,828.34","10,897.43","10,926.81","10,733.04","953.68M","0.18%"
"06/13/2022","10,809.22","10,986.84","11,071.48","10,775.14","1.21B","-4.68%"
"06/10/2022","11,340.02","11,543.88","11,569.15","11,328.27","1.06B","-3.52%"
"06/09/2022","11,754.23","12,016.47","12,115.07","11,751.98","998.87M","-2.75%"
"06/08/2022","12,086.27","12,147.28","12,235.78","12,052.70","911.77M","-0.73%"
"06/07/2022","12,175.23","11,925.81","12,194.86","11,888.62","900.55M","0.94%"
"06/06/2022","12,061.37","12,200.33","12,245.40","12,004.20","911.01M","0.40%"
"06/03/2022","12,012.73","12,097.12","12,167.44","11,966.62","837.59M","-2.47%"
"06/02/2022","12,316.90","11,945.57","12,320.12","11,901.45","916.66M","2.69%"
"06/01/2022","11,994.46","12,176.89","12,237.93","11,901.43","940.60M","-0.72%"
"05/31/2022","12,081.39","12,137.54","12,190.08","11,942.50","1.77B","-0.41%"
"05/27/2022","12,131.13","11,869.69","12,131.66","11,856.82","942.22M","3.33%"
"05/26/2022","11,740.65","11,409.84","11,796.97","11,406.16","930.42M","2.68%"
"05/25/2022","11,434.74","11,225.03","11,511.90","11,211.85","907.18M","1.51%"
"05/24/2022","11,264.45","11,326.44","11,351.61","11,092.48","924.23M","-2.35%"
"05/23/2022","11,535.28","11,396.28","11,552.07","11,304.56","889.21M","1.59%"
"05/20/2022","11,354.62","11,542.67","11,552.21","11,035.69","1.20B","-0.30%"
"05/19/2022","11,388.50","11,364.40","11,562.82","11,313.31","1.05B","-0.26%"
"05/18/2022","11,418.15","11,790.68","11,826.22","11,381.69","1.03B","-4.73%"
"05/17/2022","11,984.52","11,905.57","11,988.43","11,754.28","1.02B","2.76%"
"05/16/2022","11,662.79","11,727.14","11,804.59","11,627.53","978.06M","-1.20%"
"05/13/2022","11,805.00","11,555.97","11,856.71","11,510.25","1.23B","3.82%"
"05/12/2022","11,370.96","11,199.25","11,547.33","11,108.76","1.40B","0.06%"
"05/11/2022","11,364.24","11,645.57","11,844.50","11,339.18","1.27B","-3.18%"
"05/10/2022","11,737.67","11,900.34","11,944.94","11,566.28","1.28B","0.98%"
"05/09/2022","11,623.25","11,923.03","11,990.61","11,574.94","1.24B","-4.29%"
"05/06/2022","12,144.66","12,246.83","12,358.42","11,990.15","1.09B","-1.40%"
"05/05/2022","12,317.69","12,787.52","12,787.52","12,183.56","1.10B","-4.99%"
"05/04/2022","12,964.86","12,574.73","12,985.01","12,367.02","1.11B","3.19%"
"05/03/2022","12,563.76","12,511.46","12,645.83","12,460.99","897.83M","0.22%"
"05/02/2022","12,536.02","12,331.69","12,542.54","12,202.41","1.04B","1.63%"
"04/29/2022","12,334.64","12,710.42","12,861.83","12,315.74","1.09B","-4.17%"
"04/28/2022","12,871.53","12,712.86","12,948.52","12,487.86","1.01B","3.06%"
"04/27/2022","12,488.93","12,500.88","12,703.79","12,430.90","942.84M","-0.01%"
"04/26/2022","12,490.74","12,918.04","12,918.04","12,490.74","1.02B","-3.95%"
"04/25/2022","13,004.85","12,749.17","13,011.45","12,722.59","988.04M","1.29%"
"04/22/2022","12,839.29","13,168.80","13,212.61","12,828.02","950.70M","-2.55%"
"04/21/2022","13,174.65","13,623.70","13,710.70","13,140.83","993.83M","-2.07%"
"04/20/2022","13,453.07","13,665.38","13,678.55","13,426.13","871.26M","-1.22%"
"04/19/2022","13,619.66","13,312.44","13,643.97","13,281.22","855.29M","2.15%"
"04/18/2022","13,332.36","13,319.39","13,414.27","13,222.03","832.41M","-0.14%"
"04/14/2022","13,351.08","13,647.42","13,662.93","13,345.22","927.38M","-2.14%"
"04/13/2022","13,643.59","13,373.12","13,679.43","13,353.66","910.79M","2.03%"
"04/12/2022","13,371.57","13,584.69","13,685.95","13,317.74","902.42M","-0.30%"
"04/11/2022","13,411.96","13,547.29","13,585.08","13,401.39","991.30M","-2.18%"
"04/08/2022","13,711.00","13,830.47","13,866.06","13,693.69","858.45M","-1.34%"
"04/07/2022","13,897.30","13,861.49","13,978.25","13,689.23","931.35M","0.06%"
"04/06/2022","13,888.82","14,002.58","14,032.84","13,788.90","1.09B","-2.22%"
"04/05/2022","14,204.17","14,490.26","14,500.29","14,169.12","930.40M","-2.26%"
"04/04/2022","14,532.55","14,304.35","14,534.38","14,286.45","915.41M","1.90%"
"04/01/2022","14,261.50","14,269.53","14,306.94","14,131.81","1.02B","0.29%"
"03/31/2022","14,220.52","14,444.78","14,456.74","14,217.72","1.10B","-1.54%"
"03/30/2022","14,442.28","14,558.59","14,609.25","14,383.45","1.01B","-1.21%"
"03/29/2022","14,619.64","14,500.39","14,646.90","14,419.40","1.09B","1.84%"
"03/28/2022","14,354.90","14,177.21","14,356.00","14,101.34","892.94M","1.31%"
"03/25/2022","14,169.30","14,194.72","14,218.76","14,010.79","941.78M","-0.16%"
"03/24/2022","14,191.84","14,001.32","14,193.55","13,897.20","916.74M","1.93%"
"03/23/2022","13,922.60","13,990.35","14,152.14","13,921.65","961.73M","-1.32%"
"03/22/2022","14,108.82","13,866.43","14,141.07","13,857.29","1.10B","1.95%"
"03/21/2022","13,838.46","13,860.39","13,945.80","13,682.55","1.14B","-0.40%"
"03/18/2022","13,893.84","13,564.63","13,899.28","13,528.06","2.85B","2.05%"
"03/17/2022","13,614.78","13,360.72","13,620.80","13,317.14","1.14B","1.33%"
"03/16/2022","13,436.55","13,119.37","13,440.12","12,992.20","1.41B","3.77%"
"03/15/2022","12,948.62","12,685.23","12,973.88","12,616.59","1.13B","2.92%"
"03/14/2022","12,581.22","12,795.12","12,918.01","12,555.35","1.21B","-2.04%"
"03/11/2022","12,843.81","13,229.77","13,239.35","12,830.37","1.02B","-2.18%"
"03/10/2022","13,129.96","13,098.35","13,163.50","12,946.28","961.59M","-0.95%"
"03/09/2022","13,255.55","13,113.70","13,301.16","13,039.79","1.12B","3.59%"
"03/08/2022","12,795.55","12,800.04","13,159.44","12,670.08","1.34B","-0.28%"
"03/07/2022","12,830.96","13,328.36","13,353.28","12,828.02","1.29B","-3.62%"
"03/04/2022","13,313.44","13,455.23","13,486.71","13,224.98","1.04B","-1.66%"
"03/03/2022","13,537.94","13,837.59","13,837.59","13,472.64","1.03B","-1.56%"
"03/02/2022","13,752.02","13,597.53","13,796.55","13,493.91","1.03B","1.62%"
"03/01/2022","13,532.46","13,716.70","13,777.04","13,441.32","1.24B","-1.59%"
"02/28/2022","13,751.40","13,570.83","13,810.64","13,549.90","1.39B","0.41%"
"02/25/2022","13,694.62","13,485.26","13,696.86","13,358.29","978.45M","1.64%"
"02/24/2022","13,473.58","12,587.88","13,486.11","12,587.88","1.38B","3.34%"
"02/23/2022","13,037.49","13,511.75","13,533.78","13,032.17","944.40M","-2.57%"
"02/22/2022","13,381.52","13,424.36","13,618.71","13,249.65","1.02B","-1.23%"
"02/18/2022","13,548.07","13,735.40","13,762.40","13,465.56","1.02B","-1.23%"
"02/17/2022","13,716.72","14,004.19","14,020.82","13,704.70","922.82M","-2.88%"
"02/16/2022","14,124.09","14,038.92","14,163.73","13,931.99","838.99M","-0.11%"
"02/15/2022","14,139.76","13,997.18","14,142.49","13,976.29","903.09M","2.53%"
"02/14/2022","13,790.92","13,768.97","13,921.71","13,664.76","936.80M","0.00%"
"02/11/2022","13,791.15","14,213.62","14,246.70","13,733.16","1.08B","-2.78%"
"02/10/2022","14,185.64","14,228.68","14,509.56","14,118.20","1.06B","-2.10%"
"02/09/2022","14,490.37","14,368.16","14,490.72","14,330.87","935.01M","2.08%"
"02/08/2022","14,194.46","13,984.43","14,226.48","13,934.78","865.50M","1.28%"
"02/07/2022","14,015.67","14,118.79","14,236.31","13,974.10","858.02M","-0.58%"
"02/04/2022","14,098.01","13,958.48","14,222.76","13,850.39","862.97M","1.58%"
"02/03/2022","13,878.82","14,045.83","14,207.88","13,851.75","945.51M","-3.74%"
"02/02/2022","14,417.55","14,494.47","14,504.82","14,264.65","1.00B","0.50%"
"02/01/2022","14,346.00","14,277.43","14,358.69","14,070.77","962.00M","0.75%"
"01/31/2022","14,239.88","13,812.19","14,242.90","13,767.71","1.24B","3.41%"
"01/28/2022","13,770.57","13,436.71","13,771.91","13,236.55","1.06B","3.13%"
"01/27/2022","13,352.78","13,710.99","13,765.91","13,322.66","1.07B","-1.40%"
"01/26/2022","13,542.12","13,871.77","14,002.65","13,392.19","1.18B","0.02%"
"01/25/2022","13,539.29","13,610.87","13,781.62","13,414.14","1.04B","-2.28%"
"01/24/2022","13,855.13","13,481.50","13,876.61","13,094.65","1.55B","0.63%"
"01/21/2022","13,768.92","14,046.22","14,171.72","13,764.24","1.32B","-2.72%"
"01/20/2022","14,154.02","14,462.85","14,642.03","14,140.78","1.02B","-1.30%"
"01/19/2022","14,340.25","14,582.22","14,658.89","14,331.65","935.06M","-1.15%"
"01/18/2022","14,506.90","14,681.83","14,740.54","14,482.94","1.06B","-2.60%"
"01/14/2022","14,893.75","14,708.02","14,897.67","14,689.43","872.56M","0.59%"
"01/13/2022","14,806.81","15,245.04","15,259.71","14,782.24","852.15M","-2.51%"
"01/12/2022","15,188.39","15,263.10","15,319.03","15,117.29","840.02M","0.23%"
"01/11/2022","15,153.45","14,919.26","15,158.71","14,837.63","863.02M","1.41%"
"01/10/2022","14,942.83","14,751.78","14,953.86","14,530.23","1.09B","0.05%"
"01/07/2022","14,935.90","15,095.72","15,171.02","14,877.63","852.53M","-0.96%"
"01/06/2022","15,080.87","15,024.15","15,198.45","14,914.87","951.12M","-0.13%"
"01/05/2022","15,100.17","15,547.16","15,586.30","15,095.18","1.01B","-3.34%"
"01/04/2022","15,622.72","15,852.14","15,852.14","15,512.41","970.70M","-1.33%"
"01/03/2022","15,832.80","15,732.50","15,832.80","15,644.09","871.65M","1.20%"
"12/31/2021","15,644.97","15,722.91","15,777.43","15,643.93","729.41M","-0.61%"
"12/30/2021","15,741.56","15,758.98","15,868.09","15,729.16","768.18M","-0.16%"
"12/29/2021","15,766.22","15,794.92","15,821.81","15,679.85","699.59M","-0.10%"
"12/28/2021","15,781.72","15,895.20","15,901.47","15,757.07","691.47M","-0.56%"
"12/27/2021","15,871.26","15,696.83","15,871.40","15,696.83","741.10M","1.39%"
"12/23/2021","15,653.37","15,544.79","15,697.98","15,528.91","746.13M","0.85%"
"12/22/2021","15,521.89","15,319.16","15,525.97","15,303.06","783.47M","1.18%"
"12/21/2021","15,341.09","15,140.43","15,349.06","15,015.03","976.83M","2.40%"
"12/20/2021","14,980.94","14,933.00","15,007.30","14,860.04","1.02B","-1.24%"
"12/17/2021","15,169.68","15,036.77","15,288.78","14,960.37","3.01B","-0.07%"
"12/16/2021","15,180.43","15,629.08","15,633.19","15,119.49","1.10B","-2.47%"
"12/15/2021","15,565.58","15,230.71","15,575.76","15,055.22","1.17B","2.15%"
"12/14/2021","15,237.64","15,215.96","15,317.55","15,097.35","1.03B","-1.14%"
"12/13/2021","15,413.28","15,621.27","15,637.06","15,408.25","996.25M","-1.39%"
"12/10/2021","15,630.60","15,629.59","15,677.60","15,477.85","875.08M","0.73%"
"12/09/2021","15,517.37","15,720.54","15,796.05","15,511.12","869.50M","-1.71%"
"12/08/2021","15,786.99","15,690.65","15,792.64","15,618.88","921.93M","0.64%"
"12/07/2021","15,686.92","15,510.91","15,720.09","15,507.66","1.06B","3.03%"
"12/06/2021","15,225.15","15,117.63","15,281.99","14,931.61","1.07B","0.93%"
"12/03/2021","15,085.47","15,428.71","15,470.36","14,931.05","1.20B","-1.92%"
"12/02/2021","15,381.32","15,181.82","15,444.54","15,150.12","1.10B","0.83%"
"12/01/2021","15,254.05","15,752.27","15,816.82","15,243.93","1.22B","-1.83%"
"11/30/2021","15,537.69","15,716.50","15,828.20","15,451.38","1.78B","-1.55%"
"11/29/2021","15,782.83","15,719.42","15,833.11","15,644.62","1.01B","1.88%"
"11/26/2021","15,491.66","15,664.38","15,731.54","15,456.09","781.49M","-2.23%"
"11/24/2021","15,845.23","15,677.88","15,848.56","15,591.36","842.33M","0.44%"
"11/23/2021","15,775.14","15,809.50","15,895.86","15,601.46","1.07B","-0.50%"
"11/22/2021","15,854.76","16,120.92","16,212.23","15,851.04","1.13B","-1.26%"
"11/19/2021","16,057.44","16,042.16","16,121.12","16,017.23","1.02B","0.40%"
"11/18/2021","15,993.71","15,973.39","16,010.88","15,848.83","1.08B","0.45%"
"11/17/2021","15,921.57","15,973.62","15,998.57","15,909.39","966.81M","-0.33%"
"11/16/2021","15,973.86","15,840.32","15,989.61","15,825.00","1.01B","0.76%"
"11/15/2021","15,853.85","15,894.82","15,918.45","15,778.31","952.14M","-0.04%"
"11/12/2021","15,860.96","15,752.62","15,874.58","15,705.38","988.93M","1.00%"
"11/11/2021","15,704.28","15,752.08","15,768.03","15,695.77","867.11M","0.52%"
"11/10/2021","15,622.71","15,753.84","15,867.24","15,543.68","989.63M","-1.66%"
"11/09/2021","15,886.54","16,024.13","16,035.21","15,836.68","1.03B","-0.60%"
"11/08/2021","15,982.36","15,995.72","16,038.23","15,961.80","1.06B","0.07%"
"11/05/2021","15,971.59","16,003.56","16,053.39","15,900.78","1.06B","0.20%"
"11/04/2021","15,940.31","15,849.74","15,966.09","15,827.66","1.02B","0.81%"
"11/03/2021","15,811.58","15,658.52","15,821.58","15,616.44","1.00B","1.04%"
"11/02/2021","15,649.60","15,583.99","15,656.60","15,569.27","997.88M","0.34%"
"11/01/2021","15,595.92","15,541.26","15,598.95","15,470.82","1.00B","0.63%"
"10/29/2021","15,498.39","15,323.29","15,504.12","15,323.29","1.06B","0.33%"
"10/28/2021","15,448.12","15,304.74","15,452.30","15,290.31","1.06B","1.39%"
"10/27/2021","15,235.84","15,276.00","15,364.54","15,235.84","1.09B","0.00%"
"10/26/2021","15,235.71","15,317.50","15,384.00","15,198.23","1.22B","0.06%"
"10/25/2021","15,226.71","15,142.92","15,259.63","15,070.75","1.09B","0.90%"
"10/22/2021","15,090.20","15,158.07","15,193.01","15,021.02","1.10B","-0.82%"
"10/21/2021","15,215.70","15,104.80","15,222.25","15,094.14","891.24M","0.62%"
"10/20/2021","15,121.68","15,160.00","15,178.39","15,071.15","743.43M","-0.05%"
"10/19/2021","15,129.09","15,073.13","15,137.85","15,049.73","788.58M","0.71%"
"10/18/2021","15,021.81","14,839.74","15,026.68","14,833.28","798.37M","0.84%"
"10/15/2021","14,897.34","14,891.24","14,904.98","14,847.96","924.17M","0.50%"
"10/14/2021","14,823.43","14,717.50","14,827.55","14,699.53","815.46M","1.73%"
"10/13/2021","14,571.63","14,537.17","14,589.28","14,471.88","760.21M","0.73%"
"10/12/2021","14,465.92","14,539.09","14,552.71","14,441.60","768.40M","-0.14%"
"10/11/2021","14,486.20","14,540.08","14,665.99","14,482.62","664.49M","-0.64%"
"10/08/2021","14,579.54","14,694.72","14,699.91","14,569.68","670.94M","-0.51%"
"10/07/2021","14,654.02","14,631.80","14,755.72","14,615.14","798.16M","1.05%"
"10/06/2021","14,501.91","14,289.45","14,509.55","14,259.07","817.53M","0.47%"
"10/05/2021","14,433.83","14,312.86","14,508.65","14,299.78","805.23M","1.25%"
"10/04/2021","14,255.49","14,493.12","14,499.74","14,181.69","920.43M","-2.14%"
"10/01/2021","14,566.70","14,494.93","14,606.82","14,324.01","913.08M","0.82%"
"09/30/2021","14,448.58","14,582.60","14,632.36","14,444.30","1.14B","-0.44%"
"09/29/2021","14,512.44","14,614.88","14,676.62","14,493.67","980.97M","-0.24%"
"09/28/2021","14,546.68","14,787.21","14,817.74","14,539.88","996.26M","-2.83%"
"09/27/2021","14,969.97","14,954.17","15,003.16","14,864.96","894.61M","-0.52%"
"09/24/2021","15,047.70","14,961.62","15,067.56","14,946.57","773.44M","-0.03%"
"09/23/2021","15,052.24","14,960.00","15,085.44","14,932.51","788.23M","1.04%"
"09/22/2021","14,896.85","14,800.59","14,950.12","14,767.01","831.12M","1.02%"
"09/21/2021","14,746.40","14,803.36","14,847.03","14,696.47","873.64M","0.22%"
"09/20/2021","14,713.90","14,758.14","14,841.82","14,530.07","1.10B","-2.19%"
"09/17/2021","15,043.97","15,163.36","15,166.56","14,998.73","2.75B","-0.91%"
"09/16/2021","15,181.92","15,120.09","15,205.50","15,047.14","833.07M","0.13%"
"09/15/2021","15,161.53","15,071.34","15,174.38","14,984.68","987.75M","0.82%"
"09/14/2021","15,037.76","15,168.45","15,181.19","15,008.30","884.51M","-0.45%"
"09/13/2021","15,105.58","15,211.43","15,215.44","15,030.85","943.77M","-0.07%"
"09/10/2021","15,115.49","15,332.92","15,349.47","15,111.31","889.08M","-0.87%"
"09/09/2021","15,248.25","15,296.06","15,352.38","15,245.17","793.92M","-0.25%"
"09/08/2021","15,286.64","15,360.35","15,360.35","15,206.61","799.13M","-0.57%"
"09/07/2021","15,374.33","15,375.98","15,403.44","15,343.28","813.76M","0.07%"
"09/03/2021","15,363.52","15,313.42","15,375.56","15,283.67","713.30M","0.21%"
"09/02/2021","15,331.18","15,358.47","15,380.07","15,285.35","771.82M","0.14%"
"09/01/2021","15,309.38","15,308.97","15,379.50","15,302.11","836.30M","0.33%"
"08/31/2021","15,259.24","15,262.88","15,278.96","15,202.67","981.94M","-0.04%"
"08/30/2021","15,265.89","15,165.94","15,288.08","15,165.12","807.58M","0.90%"
"08/27/2021","15,129.50","14,969.76","15,144.48","14,966.52","857.20M","1.23%"
"08/26/2021","14,945.81","15,025.17","15,059.63","14,939.56","698.67M","-0.64%"
"08/25/2021","15,041.86","15,039.03","15,059.43","15,011.58","760.11M","0.15%"
"08/24/2021","15,019.80","14,978.14","15,034.89","14,965.54","737.23M","0.52%"
"08/23/2021","14,942.65","14,776.98","14,963.46","14,776.98","782.67M","1.55%"
"08/20/2021","14,714.66","14,571.53","14,722.16","14,571.53","828.73M","1.19%"
"08/19/2021","14,541.79","14,423.16","14,610.76","14,423.16","841.84M","0.11%"
"08/18/2021","14,525.91","14,636.24","14,697.25","14,516.30","764.92M","-0.89%"
"08/17/2021","14,656.18","14,670.56","14,716.95","14,550.88","797.61M","-0.93%"
"08/16/2021","14,793.76","14,771.53","14,794.68","14,610.02","774.04M","-0.20%"
"08/13/2021","14,822.90","14,825.07","14,850.61","14,797.22","774.68M","0.04%"
"08/12/2021","14,816.26","14,751.36","14,824.31","14,698.94","783.88M","0.35%"
"08/11/2021","14,765.13","14,834.38","14,842.50","14,692.41","787.41M","-0.16%"
"08/10/2021","14,788.09","14,887.75","14,894.61","14,754.48","781.07M","-0.49%"
"08/09/2021","14,860.18","14,855.75","14,883.81","14,802.69","801.12M","0.16%"
"08/06/2021","14,835.76","14,864.22","14,890.18","14,788.59","817.60M","-0.40%"
"08/05/2021","14,895.12","14,794.08","14,896.47","14,776.03","842.72M","0.78%"
"08/04/2021","14,780.53","14,747.21","14,812.37","14,734.12","875.56M","0.13%"
"08/03/2021","14,761.29","14,714.00","14,762.60","14,584.09","831.95M","0.55%"
"08/02/2021","14,681.07","14,758.60","14,770.41","14,665.67","752.76M","0.06%"
"07/30/2021","14,672.68","14,615.85","14,728.79","14,615.85","788.21M","-0.71%"
"07/29/2021","14,778.26","14,771.17","14,833.74","14,761.38","760.01M","0.11%"
"07/28/2021","14,762.58","14,715.66","14,798.88","14,645.63","839.14M","0.70%"
"07/27/2021","14,660.58","14,807.95","14,811.08","14,503.76","885.24M","-1.21%"
"07/26/2021","14,840.71","14,821.03","14,863.65","14,790.49","850.81M","0.03%"
"07/23/2021","14,836.99","14,753.06","14,846.06","14,698.77","758.41M","1.04%"
"07/22/2021","14,684.60","14,652.72","14,694.19","14,617.87","712.06M","0.36%"
"07/21/2021","14,631.95","14,508.75","14,633.14","14,498.65","801.83M","0.92%"
"07/20/2021","14,498.88","14,330.46","14,555.75","14,271.23","1.03B","1.57%"
"07/19/2021","14,274.98","14,235.98","14,313.60","14,178.66","916.44M","-1.06%"
"07/16/2021","14,427.24","14,597.51","14,623.02","14,413.32","811.42M","-0.80%"
"07/15/2021","14,543.13","14,635.78","14,650.38","14,451.80","832.92M","-0.70%"
"07/14/2021","14,644.95","14,780.90","14,790.55","14,632.95","862.70M","-0.22%"
"07/13/2021","14,677.65","14,715.13","14,803.68","14,660.19","805.39M","-0.38%"
"07/12/2021","14,733.24","14,743.86","14,761.08","14,672.63","753.86M","0.21%"
"07/09/2021","14,701.92","14,578.43","14,710.20","14,552.26","756.93M","0.98%"
"07/08/2021","14,559.79","14,409.20","14,610.06","14,371.59","920.12M","-0.72%"
"07/07/2021","14,665.06","14,753.42","14,755.33","14,580.79","889.86M","0.01%"
"07/06/2021","14,663.64","14,661.55","14,687.00","14,529.80","909.25M","0.17%"
"07/02/2021","14,639.33","14,582.98","14,649.11","14,555.33","724.36M","0.81%"
"07/01/2021","14,522.38","14,493.69","14,533.54","14,439.40","843.43M","0.13%"
"06/30/2021","14,503.95","14,509.85","14,526.81","14,478.06","1.08B","-0.17%"
"06/29/2021","14,528.33","14,509.19","14,535.97","14,471.38","908.40M","0.19%"
"06/28/2021","14,500.51","14,417.81","14,505.19","14,417.20","898.05M","0.98%"
"06/25/2021","14,360.39","14,400.81","14,409.08","14,337.65","3.12B","-0.06%"
"06/24/2021","14,369.71","14,357.26","14,414.46","14,333.70","807.03M","0.69%"
"06/23/2021","14,271.73","14,263.38","14,317.66","14,246.30","852.78M","0.13%"
"06/22/2021","14,253.27","14,138.29","14,269.77","14,121.00","891.23M","0.79%"
"06/21/2021","14,141.48","14,047.42","14,150.78","13,960.04","969.70M","0.79%"
"06/18/2021","14,030.38","14,096.93","14,129.22","14,009.04","2.14B","-0.92%"
"06/17/2021","14,161.35","13,999.13","14,196.21","13,998.93","990.64M","0.87%"
"06/16/2021","14,039.68","14,085.55","14,129.69","13,903.73","981.27M","-0.24%"
"06/15/2021","14,072.86","14,166.64","14,171.02","14,052.16","880.03M","-0.71%"
"06/14/2021","14,174.14","14,083.47","14,175.45","14,056.67","895.43M","0.74%"
"06/11/2021","14,069.42","14,030.85","14,069.42","14,006.59","824.12M","0.35%"
"06/10/2021","14,020.33","13,933.88","14,031.19","13,904.40","929.35M","0.78%"
"06/09/2021","13,911.75","13,980.23","14,003.50","13,906.45","1.09B","-0.09%"
"06/08/2021","13,924.91","13,946.32","13,981.72","13,831.98","1.17B","0.31%"
"06/07/2021","13,881.72","13,802.82","13,889.11","13,784.89","916.97M","0.49%"
"06/04/2021","13,814.49","13,697.25","13,826.82","13,692.01","806.24M","1.47%"
"06/03/2021","13,614.51","13,655.75","13,684.13","13,548.93","1.02B","-1.03%"
"06/02/2021","13,756.33","13,743.24","13,775.89","13,689.74","996.75M","0.14%"
"06/01/2021","13,736.48","13,829.05","13,836.17","13,678.76","884.82M","-0.09%"
"05/28/2021","13,748.74","13,792.05","13,820.87","13,747.61","911.24M","0.09%"
"05/27/2021","13,736.28","13,742.58","13,776.52","13,701.63","1.41B","-0.01%"
"05/26/2021","13,738.00","13,693.94","13,750.16","13,679.59","819.71M","0.59%"
"05/25/2021","13,657.17","13,721.54","13,751.14","13,631.80","823.66M","-0.03%"
"05/24/2021","13,661.17","13,557.21","13,708.85","13,551.01","730.82M","1.41%"
"05/21/2021","13,470.99","13,616.19","13,616.58","13,463.26","786.55M","-0.48%"
"05/20/2021","13,535.74","13,356.63","13,563.52","13,355.71","810.41M","1.77%"
"05/19/2021","13,299.74","13,078.19","13,304.61","13,072.23","879.29M","-0.03%"
"05/18/2021","13,303.64","13,416.90","13,485.34","13,299.92","852.73M","-0.56%"
"05/17/2021","13,379.05","13,368.80","13,399.17","13,265.40","799.86M","-0.38%"
"05/14/2021","13,429.98","13,255.64","13,460.88","13,242.97","854.90M","2.32%"
"05/13/2021","13,124.99","13,150.94","13,247.87","13,007.24","986.83M","0.72%"
"05/12/2021","13,031.68","13,215.49","13,288.61","13,002.54","985.26M","-2.67%"
"05/11/2021","13,389.43","13,115.85","13,423.31","13,107.67","983.05M","-0.09%"
"05/10/2021","13,401.86","13,687.59","13,687.93","13,401.75","1.02B","-2.55%"
"05/07/2021","13,752.24","13,723.09","13,828.62","13,690.75","873.19M","0.88%"
"05/06/2021","13,632.84","13,557.83","13,635.74","13,439.39","1.04B","0.37%"
"05/05/2021","13,582.42","13,731.13","13,753.05","13,553.93","909.08M","-0.37%"
"05/04/2021","13,633.50","13,774.51","13,795.57","13,485.59","1.09B","-1.88%"
"05/03/2021","13,895.12","14,031.77","14,042.12","13,881.51","919.69M","-0.48%"
"04/30/2021","13,962.68","13,970.73","14,084.76","13,941.63","1.02B","-0.85%"
"04/29/2021","14,082.55","14,204.51","14,211.57","13,952.80","994.15M","0.22%"
"04/28/2021","14,051.03","14,082.78","14,133.65","14,034.70","861.23M","-0.28%"
"04/27/2021","14,090.22","14,170.91","14,171.24","14,064.28","871.20M","-0.34%"
"04/26/2021","14,138.78","14,052.38","14,154.03","14,019.50","867.75M","0.87%"
"04/23/2021","14,016.81","13,861.37","14,062.74","13,856.83","843.30M","1.44%"
"04/22/2021","13,818.41","13,952.57","14,015.87","13,771.04","871.28M","-0.94%"
"04/21/2021","13,950.22","13,745.77","13,951.35","13,706.86","819.76M","1.19%"
"04/20/2021","13,786.27","13,894.46","13,927.67","13,698.67","875.27M","-0.92%"
"04/19/2021","13,914.77","13,984.58","14,041.79","13,842.57","907.06M","-0.98%"
"04/16/2021","14,052.34","14,059.11","14,062.50","13,977.05","962.78M","0.10%"
"04/15/2021","14,038.76","13,983.23","14,049.13","13,970.42","867.56M","1.31%"
"04/14/2021","13,857.84","14,004.08","14,033.63","13,839.04","812.85M","-0.99%"
"04/13/2021","13,996.10","13,902.45","14,011.51","13,902.45","839.45M","1.05%"
"04/12/2021","13,850.00","13,854.44","13,877.00","13,783.95","894.01M","-0.36%"
"04/09/2021","13,900.19","13,787.01","13,905.41","13,748.35","785.76M","0.51%"
"04/08/2021","13,829.31","13,796.89","13,830.14","13,758.71","870.91M","1.03%"
"04/07/2021","13,688.84","13,675.30","13,733.03","13,653.58","819.48M","-0.07%"
"04/06/2021","13,698.38","13,681.67","13,776.71","13,674.28","870.63M","-0.05%"
"04/05/2021","13,705.59","13,594.90","13,720.58","13,582.75","916.61M","1.67%"
"04/01/2021","13,480.11","13,414.33","13,487.08","13,404.18","939.16M","1.76%"
"03/31/2021","13,246.87","13,122.57","13,325.54","13,118.38","1.21B","1.54%"
"03/30/2021","13,045.39","13,008.80","13,075.75","12,922.57","983.51M","-0.11%"
"03/29/2021","13,059.65","13,103.97","13,143.41","12,968.16","1.06B","-0.60%"
"03/26/2021","13,138.72","12,996.03","13,149.55","12,878.72","1.14B","1.24%"
"03/25/2021","12,977.68","12,844.58","13,021.86","12,786.81","1.17B","0.12%"
"03/24/2021","12,961.89","13,289.24","13,292.92","12,961.35","1.19B","-2.01%"
"03/23/2021","13,227.70","13,381.43","13,405.14","13,202.43","1.19B","-1.12%"
"03/22/2021","13,377.54","13,278.78","13,455.64","13,278.78","1.11B","1.23%"
"03/19/2021","13,215.24","13,119.90","13,252.37","13,039.45","2.93B","0.76%"
"03/18/2021","13,116.17","13,349.20","13,384.46","13,101.92","1.22B","-3.02%"
"03/17/2021","13,525.20","13,336.92","13,595.00","13,272.69","1.18B","0.40%"
"03/16/2021","13,471.57","13,523.17","13,620.71","13,397.08","1.10B","0.09%"
"03/15/2021","13,459.71","13,323.47","13,460.35","13,272.50","1.13B","1.05%"
"03/12/2021","13,319.86","13,222.81","13,324.69","13,158.72","1.09B","-0.59%"
"03/11/2021","13,398.67","13,273.31","13,433.62","13,246.33","1.19B","2.52%"
"03/10/2021","13,068.83","13,234.73","13,277.11","13,035.44","1.22B","-0.04%"
"03/09/2021","13,073.82","12,923.07","13,151.54","12,882.49","1.28B","3.69%"
"03/08/2021","12,609.16","12,904.26","13,001.00","12,599.23","1.27B","-2.41%"
"03/05/2021","12,920.15","12,860.04","12,941.21","12,397.05","1.56B","1.55%"
"03/04/2021","12,723.47","12,953.99","13,068.71","12,553.96","1.58B","-2.11%"
"03/03/2021","12,997.75","13,336.25","13,372.52","12,995.07","1.16B","-2.70%"
"03/02/2021","13,358.79","13,599.45","13,601.33","13,352.00","1.08B","-1.69%"
"03/01/2021","13,588.83","13,406.16","13,596.59","13,362.66","1.10B","3.01%"
"02/26/2021","13,192.35","13,232.90","13,368.06","13,024.53","1.44B","0.56%"
"02/25/2021","13,119.43","13,512.64","13,602.86","13,066.38","1.33B","-3.52%"
"02/24/2021","13,597.97","13,400.25","13,607.36","13,286.59","1.24B","0.99%"
"02/23/2021","13,465.20","13,262.61","13,526.09","13,003.98","1.64B","-0.50%"
"02/22/2021","13,533.05","13,714.20","13,757.06","13,530.96","1.37B","-2.46%"
"02/19/2021","13,874.47","13,929.20","13,985.58","13,842.60","1.31B","0.07%"
"02/18/2021","13,865.36","13,814.67","13,905.96","13,714.35","1.24B","-0.72%"
"02/17/2021","13,965.50","13,911.65","13,976.43","13,804.26","1.35B","-0.58%"
"02/16/2021","14,047.50","14,152.21","14,175.12","13,995.45","1.49B","-0.34%"
"02/12/2021","14,095.47","13,979.21","14,102.04","13,937.71","1.32B","0.50%"
"02/11/2021","14,025.77","14,045.21","14,058.91","13,916.84","1.98B","0.38%"
"02/10/2021","13,972.53","14,093.35","14,109.12","13,845.47","1.83B","-0.25%"
"02/09/2021","14,007.70","13,966.82","14,044.95","13,966.55","1.52B","0.14%"
"02/08/2021","13,987.64","13,937.06","13,987.74","13,894.15","1.61B","0.95%"
"02/05/2021","13,856.30","13,824.88","13,878.16","13,761.66","1.26B","0.57%"
"02/04/2021","13,777.74","13,674.06","13,778.42","13,631.62","1.29B","1.23%"
"02/03/2021","13,610.54","13,718.31","13,723.83","13,585.34","1.36B","-0.02%"
"02/02/2021","13,612.78","13,543.10","13,652.70","13,535.86","1.43B","1.56%"
"02/01/2021","13,403.39","13,226.18","13,431.46","13,132.47","1.39B","2.55%"
"01/29/2021","13,070.70","13,284.72","13,322.00","12,985.05","1.78B","-2.00%"
"01/28/2021","13,337.16","13,323.29","13,507.64","13,316.52","2.16B","0.50%"
"01/27/2021","13,270.60","13,486.58","13,538.42","13,192.91","2.19B","-2.61%"
"01/26/2021","13,626.07","13,681.72","13,702.69","13,603.19","1.25B","-0.07%"
"01/25/2021","13,635.99","13,681.21","13,728.98","13,368.68","1.43B","0.69%"
"01/22/2021","13,543.06","13,474.80","13,567.14","13,463.66","1.13B","0.09%"
"01/21/2021","13,530.92","13,521.48","13,560.35","13,454.08","1.34B","0.55%"
"01/20/2021","13,457.25","13,342.55","13,486.13","13,329.77","1.29B","1.97%"
"01/19/2021","13,197.18","13,132.73","13,206.86","13,078.70","1.22B","1.53%"
"01/15/2021","12,998.50","13,099.89","13,139.83","12,949.76","1.26B","-0.87%"
"01/14/2021","13,112.64","13,174.75","13,220.16","13,098.41","1.21B","-0.12%"
"01/13/2021","13,128.95","13,088.01","13,171.15","13,051.07","1.27B","0.43%"
"01/12/2021","13,072.43","13,062.06","13,105.04","12,963.92","1.25B","0.28%"
"01/11/2021","13,036.43","13,048.78","13,138.27","12,999.51","1.24B","-1.25%"
"01/08/2021","13,201.97","13,160.21","13,208.09","13,036.55","1.33B","1.03%"
"01/07/2021","13,067.48","12,867.34","13,090.91","12,867.34","1.25B","2.56%"
"01/06/2021","12,740.79","12,666.15","12,909.63","12,649.99","1.45B","-0.61%"
"01/05/2021","12,818.96","12,665.65","12,828.27","12,665.65","1.21B","0.95%"
"01/04/2021","12,698.45","12,958.52","12,958.72","12,543.24","1.27B","-1.47%"
"12/31/2020","12,888.28","12,877.09","12,902.07","12,821.23","987.15M","0.14%"
"12/30/2020","12,870.00","12,906.51","12,924.93","12,857.76","954.01M","0.15%"
"12/29/2020","12,850.22","12,965.39","12,973.33","12,821.96","896.81M","-0.38%"
"12/28/2020","12,899.42","12,914.64","12,930.89","12,827.45","978.34M","0.74%"
"12/24/2020","12,804.73","12,791.54","12,833.55","12,767.64","584.09M","0.26%"
"12/23/2020","12,771.11","12,834.94","12,841.92","12,758.67","1.23B","-0.29%"
"12/22/2020","12,807.92","12,785.22","12,840.57","12,695.31","1.11B","0.51%"
"12/21/2020","12,742.52","12,596.14","12,751.27","12,525.22","1.11B","-0.10%"
"12/18/2020","12,755.64","12,804.93","12,809.60","12,654.61","2.81B","-0.07%"
"12/17/2020","12,764.75","12,730.78","12,765.25","12,696.35","1.02B","0.84%"
"12/16/2020","12,658.19","12,611.04","12,687.32","12,566.38","985.82M","0.50%"
"12/15/2020","12,595.06","12,543.26","12,596.13","12,465.42","915.62M","1.25%"
"12/14/2020","12,440.04","12,447.44","12,543.00","12,432.71","983.31M","0.50%"
"12/11/2020","12,377.87","12,336.79","12,383.50","12,246.77","876.14M","-0.23%"
"12/10/2020","12,405.81","12,247.55","12,431.56","12,214.74","893.26M","0.54%"
"12/09/2020","12,338.95","12,591.68","12,607.14","12,290.78","1.07B","-1.94%"
"12/08/2020","12,582.77","12,503.17","12,594.54","12,453.21","973.77M","0.50%"
"12/07/2020","12,519.95","12,461.00","12,536.23","12,460.55","931.78M","0.45%"
"12/04/2020","12,464.23","12,399.32","12,464.23","12,376.44","1.00B","0.70%"
"12/03/2020","12,377.18","12,369.26","12,439.02","12,356.99","928.31M","0.23%"
"12/02/2020","12,349.37","12,285.75","12,360.06","12,217.35","985.81M","-0.05%"
"12/01/2020","12,355.11","12,313.36","12,405.79","12,263.93","1.28B","1.28%"
"11/30/2020","12,198.74","12,224.25","12,244.64","12,027.16","1.76B","-0.06%"
"11/27/2020","12,205.85","12,159.18","12,236.23","12,154.57","655.99M","0.92%"
"11/25/2020","12,094.40","12,053.89","12,114.77","12,020.95","899.55M","0.47%"
"11/24/2020","12,037.33","11,939.33","12,049.88","11,863.45","1.27B","1.32%"
"11/23/2020","11,880.63","11,916.76","11,949.33","11,796.53","1.05B","0.22%"
"11/20/2020","11,854.97","11,892.70","11,935.47","11,852.51","1.12B","-0.42%"
"11/19/2020","11,904.71","11,779.04","11,912.63","11,760.98","1.08B","0.87%"
"11/18/2020","11,801.60","11,896.06","11,942.49","11,799.96","963.95M","-0.82%"
"11/17/2020","11,899.34","11,913.35","11,950.18","11,852.41","849.41M","-0.21%"
"11/16/2020","11,924.13","11,847.11","11,937.72","11,814.89","935.40M","0.80%"
"11/13/2020","11,829.29","11,794.94","11,849.79","11,715.52","787.30M","1.02%"
"11/12/2020","11,709.59","11,802.50","11,847.84","11,666.37","829.44M","-0.65%"
"11/11/2020","11,786.43","11,656.65","11,793.58","11,638.90","819.26M","2.01%"
"11/10/2020","11,553.86","11,622.44","11,665.87","11,424.61","1.03B","-1.37%"
"11/09/2020","11,713.78","12,046.66","12,108.07","11,703.49","1.41B","-1.53%"
"11/06/2020","11,895.23","11,869.90","11,920.54","11,737.13","893.72M","0.04%"
"11/05/2020","11,890.93","11,816.33","11,924.28","11,784.15","828.68M","2.59%"
"11/04/2020","11,590.78","11,443.78","11,663.30","11,394.21","852.15M","3.85%"
"11/03/2020","11,160.57","11,038.66","11,213.92","11,004.84","710.54M","1.85%"
"11/02/2020","10,957.61","11,010.45","11,071.08","10,830.95","715.79M","0.42%"
"10/30/2020","10,911.59","11,103.47","11,129.81","10,822.57","873.94M","-2.45%"
"10/29/2020","11,185.59","11,064.47","11,287.63","11,030.19","733.27M","1.64%"
"10/28/2020","11,004.87","11,230.90","11,249.95","10,999.07","856.55M","-3.73%"
"10/27/2020","11,431.35","11,409.34","11,465.06","11,361.86","676.35M","0.64%"
"10/26/2020","11,358.94","11,440.64","11,545.63","11,221.06","690.96M","-1.64%"
"10/23/2020","11,548.28","11,536.00","11,548.85","11,434.86","657.56M","0.37%"
"10/22/2020","11,506.01","11,526.97","11,548.77","11,369.29","750.16M","0.19%"
"10/21/2020","11,484.69","11,530.39","11,613.79","11,476.08","753.85M","-0.28%"
"10/20/2020","11,516.49","11,531.83","11,632.89","11,471.24","714.59M","0.33%"
"10/19/2020","11,478.98","11,732.34","11,778.11","11,454.57","755.00M","-1.65%"
"10/16/2020","11,671.66","11,761.83","11,827.42","11,648.53","741.76M","-0.36%"
"10/15/2020","11,713.97","11,559.88","11,740.68","11,559.10","661.41M","-0.47%"
"10/14/2020","11,768.83","11,889.07","11,939.92","11,714.35","697.01M","-0.80%"
"10/13/2020","11,864.00","11,901.76","11,946.98","11,821.83","729.33M","-0.10%"
"10/12/2020","11,876.36","11,732.33","11,965.54","11,704.13","830.65M","2.56%"
"10/09/2020","11,580.04","11,487.60","11,581.23","11,476.66","729.77M","1.39%"
"10/08/2020","11,421.08","11,443.35","11,448.22","11,384.33","715.15M","0.50%"
"10/07/2020","11,364.70","11,271.68","11,380.56","11,258.35","834.93M","1.88%"
"10/06/2020","11,154.70","11,314.53","11,392.41","11,124.45","936.32M","-1.57%"
"10/05/2020","11,332.58","11,169.11","11,335.21","11,162.52","781.32M","2.32%"
"10/02/2020","11,075.11","11,082.53","11,244.87","11,033.69","810.86M","-2.22%"
"10/01/2020","11,326.61","11,291.99","11,344.13","11,240.53","843.82M","1.42%"
"09/30/2020","11,167.68","11,092.90","11,277.96","11,092.90","1.02B","0.74%"
"09/29/2020","11,085.42","11,109.00","11,153.23","11,065.63","763.32M","-0.29%"
"09/28/2020","11,117.70","11,084.38","11,120.79","11,019.14","840.42M","1.87%"
"09/25/2020","10,913.73","10,680.46","10,939.55","10,639.98","820.01M","2.26%"
"09/24/2020","10,672.43","10,551.02","10,799.55","10,520.22","923.44M","0.37%"
"09/23/2020","10,633.15","10,950.83","10,962.03","10,612.92","962.40M","-3.02%"
"09/22/2020","10,963.77","10,873.29","10,979.65","10,737.52","845.80M","1.71%"
"09/21/2020","10,778.94","10,610.14","10,782.74","10,519.49","1.02B","-0.13%"
"09/18/2020","10,793.28","10,973.45","10,977.68","10,639.95","2.41B","-1.07%"
"09/17/2020","10,910.28","10,796.05","10,974.45","10,783.81","936.99M","-1.27%"
"09/16/2020","11,050.47","11,222.08","11,245.42","11,046.43","923.76M","-1.25%"
"09/15/2020","11,190.32","11,193.96","11,244.46","11,127.98","828.01M","1.21%"
"09/14/2020","11,056.65","11,010.14","11,118.29","10,982.26","882.03M","1.87%"
"09/11/2020","10,853.54","11,010.07","11,033.04","10,728.03","817.03M","-0.60%"
"09/10/2020","10,919.59","11,235.53","11,299.53","10,875.02","898.02M","-1.99%"
"09/09/2020","11,141.56","11,064.76","11,217.69","10,970.45","861.84M","2.71%"
"09/08/2020","10,847.69","10,900.70","11,131.50","10,837.20","984.13M","-4.11%"
"09/04/2020","11,313.13","11,396.24","11,531.18","10,875.87","1.02B","-1.27%"
"09/03/2020","11,458.10","11,861.90","11,894.40","11,361.36","1.05B","-4.96%"
"09/02/2020","12,056.44","12,047.26","12,074.07","11,836.18","903.54M","0.98%"
"09/01/2020","11,939.67","11,850.96","11,945.72","11,794.78","812.61M","1.39%"
"08/31/2020","11,775.46","11,718.81","11,829.84","11,697.42","940.53M","0.68%"
"08/28/2020","11,695.63","11,689.28","11,708.77","11,634.77","694.25M","0.60%"
"08/27/2020","11,625.34","11,688.20","11,730.01","11,551.01","773.52M","-0.34%"
"08/26/2020","11,665.06","11,516.62","11,672.05","11,507.46","738.61M","1.73%"
"08/25/2020","11,466.47","11,370.23","11,468.26","11,343.04","719.87M","0.76%"
"08/24/2020","11,379.72","11,449.25","11,462.05","11,297.53","837.05M","0.60%"
"08/21/2020","11,311.80","11,258.45","11,326.21","11,245.44","879.96M","0.42%"
"08/20/2020","11,264.95","11,096.40","11,283.62","11,090.03","830.32M","1.06%"
"08/19/2020","11,146.46","11,214.80","11,257.42","11,132.10","752.24M","-0.57%"
"08/18/2020","11,210.84","11,170.75","11,230.62","11,103.83","736.48M","0.73%"
"08/17/2020","11,129.72","11,083.25","11,144.53","11,080.30","741.24M","1.00%"
"08/14/2020","11,019.30","11,042.24","11,058.44","10,972.06","729.02M","-0.21%"
"08/13/2020","11,042.50","11,026.86","11,124.85","11,007.50","750.92M","0.27%"
"08/12/2020","11,012.24","10,878.12","11,036.72","10,877.16","811.57M","2.13%"
"08/11/2020","10,782.82","10,942.66","10,989.42","10,762.71","969.23M","-1.69%"
"08/10/2020","10,968.36","11,033.72","11,040.24","10,849.46","894.84M","-0.39%"
"08/07/2020","11,010.98","11,072.53","11,126.04","10,920.37","891.08M","-0.87%"
"08/06/2020","11,108.07","10,989.97","11,121.19","10,963.41","876.41M","1.00%"
"08/05/2020","10,998.40","10,967.87","11,002.11","10,943.72","887.01M","0.52%"
"08/04/2020","10,941.17","10,897.89","10,941.91","10,852.90","886.04M","0.35%"
"08/03/2020","10,902.80","10,848.64","10,927.56","10,831.15","904.39M","1.47%"
"07/31/2020","10,745.28","10,741.47","10,747.80","10,557.70","1.09B","1.49%"
"07/30/2020","10,587.81","10,450.12","10,609.59","10,412.09","897.26M","0.43%"
"07/29/2020","10,542.94","10,474.70","10,567.91","10,464.00","878.49M","1.35%"
"07/28/2020","10,402.09","10,509.20","10,523.64","10,397.87","811.00M","-1.27%"
"07/27/2020","10,536.27","10,421.70","10,546.43","10,399.86","912.98M","1.67%"
"07/24/2020","10,363.18","10,294.41","10,418.75","10,217.31","909.49M","-0.94%"
"07/23/2020","10,461.42","10,689.50","10,728.12","10,407.87","990.59M","-2.29%"
"07/22/2020","10,706.13","10,687.58","10,745.32","10,627.45","841.40M","0.24%"
"07/21/2020","10,680.36","10,837.88","10,839.93","10,650.46","1.06B","-0.81%"
"07/20/2020","10,767.09","10,526.02","10,783.80","10,488.04","937.33M","2.51%"
"07/17/2020","10,503.19","10,500.52","10,532.62","10,421.21","951.84M","0.28%"
"07/16/2020","10,473.83","10,443.87","10,499.79","10,364.39","873.49M","-0.73%"
"07/15/2020","10,550.49","10,576.72","10,604.67","10,420.54","1.04B","0.59%"
"07/14/2020","10,488.58","10,310.25","10,497.83","10,182.46","974.17M","0.94%"
"07/13/2020","10,390.84","10,729.92","10,824.79","10,368.04","1.08B","-2.13%"
"07/10/2020","10,617.44","10,545.91","10,622.35","10,447.01","781.92M","0.66%"
"07/09/2020","10,547.75","10,563.72","10,578.10","10,379.91","901.21M","0.53%"
"07/08/2020","10,492.50","10,409.35","10,494.63","10,350.96","901.93M","1.44%"
"07/07/2020","10,343.89","10,412.46","10,518.98","10,337.98","946.99M","-0.86%"
"07/06/2020","10,433.65","10,360.38","10,462.05","10,354.98","1.04B","2.21%"
"07/02/2020","10,207.63","10,268.67","10,310.36","10,194.06","887.00M","0.52%"
"07/01/2020","10,154.63","10,063.67","10,197.19","10,048.04","972.05M","0.95%"
"06/30/2020","10,058.76","9,875.29","10,085.59","9,863.67","1.10B","1.87%"
"06/29/2020","9,874.15","9,771.72","9,877.34","9,663.61","977.01M","1.20%"
"06/26/2020","9,757.22","9,995.12","10,000.67","9,749.07","2.67B","-2.59%"
"06/25/2020","10,017.00","9,899.36","10,023.28","9,810.47","1.06B","1.09%"
"06/24/2020","9,909.17","10,092.92","10,137.50","9,842.22","1.26B","-2.19%"
"06/23/2020","10,131.37","10,130.83","10,221.85","10,112.44","1.18B","0.74%"
"06/22/2020","10,056.47","9,945.49","10,059.61","9,916.60","1.06B","1.11%"
"06/19/2020","9,946.12","10,042.13","10,053.91","9,872.94","2.39B","0.03%"
"06/18/2020","9,943.05","9,892.48","9,959.20","9,885.66","1.03B","0.33%"
"06/17/2020","9,910.53","9,943.31","9,991.21","9,891.81","1.01B","0.15%"
"06/16/2020","9,895.87","9,949.78","9,963.63","9,748.38","1.09B","1.75%"
"06/15/2020","9,726.02","9,426.90","9,756.07","9,403.00","1.08B","1.43%"
"06/12/2020","9,588.81","9,715.87","9,768.64","9,413.62","1.04B","1.01%"
"06/11/2020","9,492.73","9,791.24","9,868.08","9,491.30","1.25B","-5.27%"
"06/10/2020","10,020.35","10,012.32","10,086.89","9,962.58","1.11B","0.67%"
"06/09/2020","9,953.75","9,867.19","10,002.50","9,863.27","1.12B","0.29%"
"06/08/2020","9,924.75","9,823.44","9,927.13","9,780.61","1.34B","1.13%"
"06/05/2020","9,814.08","9,703.54","9,845.69","9,685.35","1.44B","2.06%"
"06/04/2020","9,615.81","9,649.65","9,716.14","9,560.41","1.29B","-0.69%"
"06/03/2020","9,682.91","9,651.86","9,707.78","9,627.17","1.01B","0.78%"
"06/02/2020","9,608.38","9,566.53","9,611.22","9,472.08","908.58M","0.59%"
"06/01/2020","9,552.05","9,471.42","9,571.28","9,462.32","878.99M","0.66%"
"05/29/2020","9,489.87","9,382.35","9,505.55","9,324.73","1.45B","1.29%"
"05/28/2020","9,368.99","9,392.99","9,523.64","9,345.28","877.39M","-0.46%"
"05/27/2020","9,412.36","9,346.12","9,414.62","9,144.28","951.52M","0.77%"
"05/26/2020","9,340.22","9,501.21","9,501.21","9,333.16","967.90M","0.17%"
"05/22/2020","9,324.59","9,278.55","9,328.28","9,239.41","746.03M","0.43%"
"05/21/2020","9,284.88","9,375.19","9,405.25","9,254.85","785.34M","-0.97%"
"05/20/2020","9,375.78","9,305.62","9,392.82","9,304.20","938.19M","2.08%"
"05/19/2020","9,185.10","9,227.46","9,317.25","9,183.25","869.45M","-0.54%"
"05/18/2020","9,234.83","9,177.15","9,267.22","9,154.35","968.79M","2.44%"
"05/15/2020","9,014.56","8,839.99","9,018.40","8,821.38","1.03B","0.79%"
"05/14/2020","8,943.72","8,788.04","8,945.71","8,705.25","883.25M","0.91%"
"05/13/2020","8,863.17","9,006.05","9,074.16","8,752.68","952.96M","-1.55%"
"05/12/2020","9,002.55","9,225.15","9,250.96","9,000.07","922.43M","-2.06%"
"05/11/2020","9,192.34","9,054.91","9,241.92","9,053.17","878.43M","0.78%"
"05/08/2020","9,121.32","9,056.89","9,125.98","9,018.21","824.61M","1.58%"
"05/07/2020","8,979.66","8,973.78","9,015.99","8,932.85","831.29M","1.41%"
"05/06/2020","8,854.39","8,874.70","8,933.25","8,819.37","782.81M","0.51%"
"05/05/2020","8,809.12","8,809.66","8,909.96","8,781.31","834.18M","1.13%"
"05/04/2020","8,710.72","8,555.32","8,715.82","8,537.83","806.28M","1.23%"
"05/01/2020","8,604.95","8,681.29","8,754.46","8,566.84","868.79M","-3.20%"
"04/30/2020","8,889.55","8,911.01","8,926.11","8,825.83","1.13B","-0.28%"
"04/29/2020","8,914.71","8,802.70","8,957.26","8,765.01","1.03B","3.57%"
"04/28/2020","8,607.73","8,825.68","8,830.57","8,600.70","846.78M","-1.40%"
"04/27/2020","8,730.16","8,717.98","8,754.57","8,697.37","807.92M","1.11%"
"04/24/2020","8,634.52","8,530.08","8,642.93","8,464.42","797.88M","1.65%"
"04/23/2020","8,494.75","8,528.84","8,635.23","8,475.20","854.52M","-0.01%"
"04/22/2020","8,495.38","8,434.55","8,537.31","8,404.54","733.43M","2.81%"
"04/21/2020","8,263.23","8,460.69","8,480.29","8,215.69","881.56M","-3.48%"
"04/20/2020","8,560.73","8,553.38","8,684.91","8,553.38","876.31M","-1.03%"
"04/17/2020","8,650.14","8,667.48","8,670.30","8,531.69","1.06B","1.38%"
"04/16/2020","8,532.36","8,479.11","8,560.16","8,393.27","919.56M","1.66%"
"04/15/2020","8,393.18","8,355.96","8,464.66","8,308.79","794.06M","-1.44%"
"04/14/2020","8,515.74","8,353.21","8,531.11","8,338.08","849.82M","3.95%"
"04/13/2020","8,192.42","8,127.69","8,200.44","8,035.95","761.87M","0.48%"
"04/09/2020","8,153.57","8,169.01","8,227.91","8,072.32","925.80M","0.77%"
"04/08/2020","8,090.90","7,975.72","8,114.43","7,901.94","838.25M","2.58%"
"04/07/2020","7,887.26","8,129.99","8,146.43","7,881.22","1.00B","-0.33%"
"04/06/2020","7,913.24","7,660.17","7,938.33","7,617.79","980.15M","7.33%"
"04/03/2020","7,373.08","7,477.27","7,518.72","7,288.11","836.10M","-1.53%"
"04/02/2020","7,487.31","7,317.45","7,501.70","7,307.95","912.99M","1.72%"
"04/01/2020","7,360.58","7,459.50","7,566.37","7,301.98","914.11M","-4.41%"
"03/31/2020","7,700.10","7,740.06","7,880.31","7,642.86","1.10B","-0.95%"
"03/30/2020","7,774.15","7,583.46","7,784.35","7,539.97","926.45M","3.62%"
"03/27/2020","7,502.38","7,554.25","7,716.24","7,491.14","1.00B","-3.79%"
"03/26/2020","7,797.54","7,462.21","7,809.82","7,462.21","1.01B","5.60%"
"03/25/2020","7,384.30","7,421.36","7,671.21","7,276.40","1.19B","-0.45%"
"03/24/2020","7,417.86","7,196.15","7,418.37","7,169.86","1.15B","8.12%"
"03/23/2020","6,860.67","6,847.28","6,984.94","6,631.42","1.08B","-0.27%"
"03/20/2020","6,879.52","7,248.07","7,354.44","6,854.67","1.64B","-3.79%"
"03/19/2020","7,150.58","6,996.45","7,341.38","6,858.38","1.19B","2.30%"
"03/18/2020","6,989.84","6,902.32","7,182.83","6,686.36","1.26B","-4.70%"
"03/17/2020","7,334.78","6,904.59","7,406.23","6,828.91","1.29B","6.23%"
"03/16/2020","6,904.59","7,392.73","7,422.20","6,882.86","1.27B","-12.32%"
"03/13/2020","7,874.88","7,610.39","7,875.93","7,219.09","1.25B","9.35%"
"03/12/2020","7,201.80","7,398.58","7,712.33","7,194.67","1.34B","-9.43%"
"03/11/2020","7,952.05","8,136.25","8,181.36","7,850.94","1.06B","-4.70%"
"03/10/2020","8,344.25","8,219.76","8,347.40","7,930.43","1.12B","4.95%"
"03/09/2020","7,950.68","7,957.93","8,243.31","7,943.16","1.20B","-7.29%"
"03/06/2020","8,575.62","8,469.01","8,612.36","8,375.13","1.05B","-1.86%"
"03/05/2020","8,738.59","8,790.09","8,921.08","8,677.39","901.11M","-3.10%"
"03/04/2020","9,018.09","8,834.10","9,019.96","8,757.66","878.06M","3.85%"
"03/03/2020","8,684.09","8,965.10","9,070.32","8,602.89","1.10B","-2.99%"
"03/02/2020","8,952.17","8,667.14","8,952.81","8,543.35","1.10B","4.49%"
"02/28/2020","8,567.37","8,269.74","8,591.82","8,264.16","1.44B","0.01%"
"02/27/2020","8,566.48","8,744.03","8,904.11","8,562.05","1.15B","-4.61%"
"02/26/2020","8,980.77","9,011.55","9,148.32","8,927.80","870.35M","0.17%"
"02/25/2020","8,965.61","9,301.20","9,315.26","8,940.49","871.82M","-2.77%"
"02/24/2020","9,221.28","9,188.44","9,322.88","9,166.01","795.20M","-3.71%"
"02/21/2020","9,576.59","9,708.01","9,715.95","9,542.33","699.67M","-1.79%"
"02/20/2020","9,750.97","9,799.20","9,820.86","9,636.94","646.92M","-0.67%"
"02/19/2020","9,817.18","9,782.81","9,838.37","9,777.10","580.07M","0.87%"
"02/18/2020","9,732.74","9,679.04","9,747.68","9,675.80","555.31M","0.02%"
"02/14/2020","9,731.18","9,728.90","9,746.36","9,693.05","536.34M","0.20%"
"02/13/2020","9,711.97","9,657.04","9,748.32","9,650.02","545.84M","-0.14%"
"02/12/2020","9,725.96","9,688.60","9,728.77","9,666.68","589.71M","0.90%"
"02/11/2020","9,638.94","9,680.89","9,714.74","9,617.21","567.80M","0.11%"
"02/10/2020","9,628.39","9,493.63","9,628.66","9,493.63","546.60M","1.13%"
"02/07/2020","9,520.51","9,526.64","9,570.09","9,496.53","549.79M","-0.54%"
"02/06/2020","9,572.15","9,540.98","9,575.66","9,505.68","582.67M","0.67%"
"02/05/2020","9,508.68","9,574.10","9,574.93","9,454.93","625.91M","0.43%"
"02/04/2020","9,467.97","9,398.39","9,485.38","9,374.05","607.83M","2.10%"
"02/03/2020","9,273.40","9,190.72","9,299.85","9,188.55","623.27M","1.34%"
"01/31/2020","9,150.94","9,324.33","9,324.80","9,123.22","695.77M","-1.59%"
"01/30/2020","9,298.93","9,211.15","9,303.00","9,185.18","573.68M","0.26%"
"01/29/2020","9,275.16","9,318.26","9,329.11","9,249.04","548.87M","0.06%"
"01/28/2020","9,269.68","9,201.82","9,288.87","9,182.33","530.77M","1.43%"
"01/27/2020","9,139.31","9,092.46","9,185.45","9,088.04","686.78M","-1.89%"
"01/24/2020","9,314.91","9,446.20","9,451.43","9,273.23","629.46M","-0.93%"
"01/23/2020","9,402.48","9,377.72","9,409.20","9,334.13","611.04M","0.20%"
"01/22/2020","9,383.77","9,413.61","9,439.29","9,375.13","580.34M","0.14%"
"01/21/2020","9,370.81","9,361.07","9,397.58","9,350.20","691.60M","-0.19%"
"01/17/2020","9,388.94","9,392.37","9,393.48","9,346.81","659.47M","0.34%"
"01/16/2020","9,357.13","9,313.44","9,357.92","9,301.32","567.15M","1.06%"
"01/15/2020","9,258.69","9,253.76","9,298.82","9,231.14","584.77M","0.08%"
"01/14/2020","9,251.33","9,270.61","9,298.33","9,226.49","624.22M","-0.24%"
"01/13/2020","9,273.93","9,213.72","9,274.49","9,193.06","605.16M","1.04%"
"01/10/2020","9,178.86","9,232.94","9,235.20","9,164.66","585.08M","-0.27%"
"01/09/2020","9,203.43","9,202.27","9,215.95","9,158.50","601.33M","0.81%"
"01/08/2020","9,129.24","9,068.03","9,168.89","9,059.38","595.81M","0.67%"
"01/07/2020","9,068.58","9,076.65","9,091.93","9,042.55","552.23M","-0.03%"
"01/06/2020","9,071.47","8,943.50","9,072.41","8,943.50","690.23M","0.56%"
"01/03/2020","9,020.77","8,976.43","9,065.76","8,976.43","618.55M","-0.79%"
"01/02/2020","9,092.19","9,039.46","9,093.43","9,010.89","654.95M","1.33%"